Model,Mastery %,Proficient %,Developing %,Beginning %,Non-gradable %,weighted,stddev
Claude 3.7 Sonnet,71.3,3.8,2.3,10.6,12.1,70.34,63.41
GPT-4o,69.8,3.0,1.9,13.6,11.7,69.85,62.93
GPT-4o-mini,40.4,0.0,6.4,24.9,28.3,51.84,46.78
Gemini 1.5 Flash 8B,40.8,0.8,3.8,12.1,42.6,44.12,39.92
Gemini 2.0 Flash,58.9,1.5,3.8,7.9,27.9,57.64,52.01
Llama3.1 8B,15.8,0.0,5.7,10.6,67.9,25.80,20.80
Llama3.3 70B,58.5,2.3,3.0,9.8,26.4,58.42,52.70
Qwen2.5 7B,21.9,0.8,6.0,20.4,50.9,34.09,30.89
o3-mini,73.6,3.4,1.9,12.5,8.7,72.76,65.57
